app name,hash (sha256)
com.wondershare.famisafe,300518DC841551C2760C167D7C9A9C7E713621E9EFAA1A1B557609561BC51CDE
com.hulu.plus,E5E17041C50AEAADC2DDCE6A04D266B76B122941C98A122CE6E7D3E33B76ACE7
com.game5mobile.lineandwater,1D3B7765027FA10414B0685E82FCBD999D74E97574D8C5EA20F4551FD62B4EF0
com.madfingergames.deadtrigger2,FDE41F1CCD35BF21DB7EFCC755E72004492B02B7E79F733A1570D97A57DB2301
com.glority.pictureinsect,7D6B953C6B5F4F245C33906909482275D46A8D3D2D02269EE9E9C378015CB8FB
com.dunkinbrands.otgo,DF5718C44EF93EE2C1496E64DFA2C7B02B61D146944AD5680690191B195A4785
video.downloader.videodownloader,F78EECCCF9BEF60F75A3676400039E0C886392ABA336A95528A9234B58457015
com.jio.media.jiobeats,8C20CF084D76DB1EAA93B66E5DF13B32D99CD6CCAB9E1329941B645B023B6B0B
com.joeware.android.gpulumera,16E30E180F9818835A5ADA9C84DCEE05D6019A767DC1645C2268ABC2ADA1BEFA
com.gameloft.android.ANMP.GloftA9HM,06F78FF47101F13B419317E39AE54E359A31B8BDE552A902616A225C401EE369
com.gojek.app,33C96E49A76F5B81A55994B858E7C691EE5319FFFD5A7CBB143B42A3EF4CD11D
com.king.petrescuesaga,BAAB9792AE2D235C77AB304BDE19FCCD9D5BA78C1C89B3EF7F16F1E9024FA01F
com.crrepa.band.dafit,6D5CAD5CD33C0A06A54B92FE76756A2D771930C8E32CCAA50AC6CFC9FE7C5395
com.miniclip.footballstrike,B7EFDA5629CAD85A9A52CFEF593B1AA7AEAE7D5DB1753AFDEACE0D913BC04AB5
com.hbo.hbonow,7CCB1699B53E5399BCDE624E21174D26A9AFCCF4C7E0F40BD80841E5F66CDBD3
com.cleanteam.oneboost,92389513E0A82CC3AE900D56256F80408113320B856939098DA88ADFB53602D1
com.gokids.tablet,B3D5FEE624AF53FE5D684ACAAED650DA90693FAF00B305C8060A6CFBE05E1694
com.outfit7.talkingtom2free,CB02F17AB706AD75DC24481039F334ADB0C7AD7A4461F92198B9E56EDB8A4C8E
com.alibaba.aliexpresshd,DCDE68951CA78D96EB96AF67220EB4808A3F258DD264C233129C00AE41ABAAC9
com.miniclip.eightballpool,2E92C4046E4BB15BAE39E37A208985B91705097EF959FE9D5770756A185B038D
com.nike.omega,042521517D08411503A1DD301F2613D62D18D454CDBB1405D76A103EA2A551D2
shareit.lite,7BDFD305F55791031BBC1D5B6D1520A34FDD28E5459AF34742EF55ED328297B2
com.match.android.matchmobile,9FD9365922B99A253F558926F11C02830AC00C158C2C6A4D8981F01005B7DACF
com.offerup,3F6A78033402C8B9733F221691B079F694FF125A24C625B943BF2F5ECCE252A7
com.friendsgamesincubator.drawtheline,1BC039CFC6EF1A3D6D69B8602C6FEC750A799A3A7FD1332DDF8206828698AAFA
com.skgames.trafficrider,19D1FABAD79E11D819D5F88D7A30A8D2DAFBA332081A48C48ED9567C65C04B2B
com.google.android.apps.messaging,4F50BA79D9D3F30BA7017B680C9493079208A594DC11DF48FD106F6F259ABE68
com.robtopx.geometryjumplite,8E0C27D3CC2DDE02F6D37E707CD27D0ABC7EF2AC4AF6AC3499B938979CF100C7
com.soundcloud.android,323E7FF4AA889EEF3322F6520E372393C98585C9334EA03768EFD88028C505C9
com.budgestudios.HelloKittyNailSalon,BFF34E695F1EB87C72D971B3A7DFF645CBB2A5FF8A0060B2FF22ADDEC00EC346
com.ratelekom.findnow,2CEDA36F95B8612F1E77E3CDBF96E5FEBBE06D284313EF445CAD137593F56F03
tv.twitch.android.app,4BE284987F47622A6D6ABAE3E60B7907F35D8895D88713826D734493E8A65243
com.artal.fishing.game.android,9ECBB3A204B213DFB105D58E636C64670D3FFF2DA788598EDA5C64B5E34FCDED
com.ea.game.simpsons4_row,A61ED6535F882DCC09D21CB89B435ACC547AE02D32EE85ACF8032A3F99E649F7
com.jetstartgames.chess,891758A762D078A7D9C684FBECDC0FD04408D25ED941DA02A539D636B1B70F61
com.peacocktv.peacockandroid,38E30FCB1B03357193E3B69E972C9A1953B1C8492DE235A555EA84543B0808D7
net.booksy.business,7CAF0D498CFA8F8F5702FE9081422650AA6F5F2E54A6DD58544299D0FE70E8EC
com.canva.editor,FF1375D566B1889176E3701A86872D514743B18DA9E96A28D028CE65E499015B
eu.nordeus.topeleven.android,59416741049D3BA1250AFF52B2C0B6277C13F6FDDCE0587AA46C7E0D236A35F9
com.cisco.webex.meetings,BBF1F69B5BA17CCDFCB591ED58567CD1B1CB3075AFE3F38DE4476D42ED909A71
com.mgae.comlolsurprise.ballpop,5EF31528BAE7702FF2DF9EF23CFC804553663B4C7A4F756BFCB79CEC9DD96B17
club.fromfactory,12E7968E4DB119F3410B4767B7775A76CCB90F6F48831D2D681A1AE95B70CB77
com.zentertain.photocollage,4979F94DBA7A59774D0D0C76959C01281F9429A17E0E3B10C303B8D44F3D0F43
com.topgamesinc.evony,804A57782AF1E7CAB6FC9C01690581D77C735040836A4658A3B94E17468053C3
com.nextwave.wcc2,B7242531200092A7CE9E75B761E292A4B4AF9574F68259BC9C4078CADBF45978
com.magicposernew,36D0646385551396B6C72F8E890C797068D4809817D0D060304D96DCBB423263
com.rovio.angrybirdsseasons,9C673FAEBEC12C91A15F87E2DCD29302BD1090DA0E83B161F0AF71CA27A267BE
com.billiards.city.pool.nation.club,935A10C62508E2DDB0660EB1FA723B3C4DFDDDBE16F3A16C64B95D2B8DA175DE
com.billiards.shooting.ball.pool,24D206B9621140081EE7F8C0862ED6563A9D464A8AC1701C1A00E24FCD053B76
mobile.appcq8cCTCGnF,D724F312DB4F7FF1EDAAD0D60E76D819A4E66B6B95ADBA0E1AC4996C81F3FA18
com.outfit7.talkingtom,0027B82FD14C90E0920645262D6177E51BFF715AE2DAFF2F9A1D10EDD44F95A6
net.zedge.android,4A30E87C2FA28E8527F5A27860557C06A9B0C62958B67C7D150AD982874BB37F
splendid.invitation.maker,3C225D1A68AAF6CE8D847C4FF2C5C5B7F3F7E3CE0DABD49FB65E9361F6FEDB1C
com.melesta.coffeeshop,231C0EAA2BBE2E2ED07F020F9954D8603B3F1907D0AE4A0A551696B58A90546F
com.spothero.spothero,390C05381E2944255D1306C25A7D991530A1C4D3C01BD7315F335A8E8A4A4BA2
kjv.bible.kingjamesbible,35BCCC3F87CB286390CD15A7F57F0511677AB6495AD872BD5160C2D7E93C2AD1
com.imangi.templerun,99BDEC46F5D941BAD74C2BA9993A1D0080C0BF132D25D375EF39712752CFD04E
com.threed.bowling,CDA0E332D29646CC4E417D2D3F4CBE93FDF0B0EB37E5857F27D104D1B7C5B557
com.hyperbeard.adorablehome,24A369D2F7DDA32448078EBD29CB6066F14011EFCA05242B61C21A76B203AD8A
cn.danatech.xingseus,14171365ABD8E617468D4B0636DF4D5AC2799035541CB96B98A980DCD1C8F750
com.amazon.tahoe.freetime,D6221EBEFFA06FE15078BD268A524339F101A05B504F4A7448939D31C632220B
com.pixel.art.coloring.color.number,85B6F2C7F520400AC0A57726A6803A6AF1A25487C4BF697950971701A811703A
com.badoo.mobile,BFE1593C1ADFA7C3255A4C823A2A42D163531435D9BF457B3FEAA0F67F29E86B
com.boatsgroup.boattrader,3C7B0D0DAFB707717500577C694199FC6B15CC04D110FAF7EE6E6434F1AB40B4
com.ebay.mobile,18AA601A607625D8EC5E942DEF8E0AD25D7FE4BB942964B426DBD55A826F5D92
com.antivirus,36F7328715ADEF25EE0750A3E393D48EF859710D99C4ED7DC4035B49BA9A143D
com.box.block.earth.auto,E9607CC789AAB2CCE928914036019830ADD0AFBF9541DC4337B2C137C5E3BB33
com.application.zomato,80B703BF406342911E6686800EFEBC88E28EB4E28DE760DAC922847ACC1596F4
sixpack.sixpackabs.absworkout,753FCEA5FA45C50AA241C6F1802A95D430224AE966294C4A76EA8565D674CB02
air.au.com.metro.DumbWaysToDie2,D96D2E9621336B9F1E446240B8F359EBD92289F7200B0D2220EEA78CF8F0FA12
google.free.icequeen.peachygamesllc,30AD28734285B50C942E02E186D301C1F8F712F0B665D72A82FAD6B6B1B3A2DD
co.mona.android,B99A7BCD44A083849530E7250CFD01DF5666429EBD11185E3EB1FEF2DBA4DECA
com.outfit7.mytalkinghank,1BA1FD9B1D436469B29693856E0D56E69AB5A9831A86987A50AAEFF3A624A71A
com.uc.browser.en,D2698B941C5DBF372110B162A3CD1B152134AAF6D708C13598B70D84F918BAC4
com.tencent.wecomic,1ED6DF901870E18F4AEA3FE51B9F3F2C980037BAF852D0F1769B827848EFEE69
com.brighthouse.mybhn,0E82F4D14AEF08E41CB237D970F0C598AB0D974A9A85590721F90FFFCA75A030
com.shire.biolife,F98DB5E1083C57D004DF57B4D0DB1524AAAE124FB4EA4832EA237F42729E6BB9
com.mmguardian.parentapp,1AF664CE61BB96C9DDA929D9936DD4C8F5B17B8DD29B122764E033809BEABCED
com.wildspike.wormszone,4248B76C1237A8055B92FFD8874059390896ED0F32625A29BE4234582EED0FD8
com.appsomniacs.da2,64D42205377556AC4B57CEBAF1508ABC3D541274D63166EBA620EA334E7374D0
com.tocaboca.tocahairsalon4,6086DE898F61802F74308D80015DD65C8848DE26CDF9F7DA3A4ABFE7A8B1708A
com.amazon.mp3,D39599A3E26402E352D5B29B69A20170232BAC88289AD13874EA8432A861ABAF
com.tile.match.connect.game,3F5CD10C526A1CEB39C4FCA0EFC35B694A2AB9B212B466F00A39BACE02105F20
com.ducky.bikehill3d,56167524AD85CCDC55D78DBB8227BAE315FEDDD3EE03002C6A0486FB6D321A19
com.lockwoodpublishing.avakinlife,37DFFEBF3E3AF168475917D511AC4109D762A06FACFAC4ECF9A879FF5F317C73
com.betterforsol.solitaire.card.games.free,CD5106F5EF483FCD163FEA76316564FF695836062D8AC5B49A75680DACF8031B
com.ismaker.android.simsimi,7F53F1F4F26425D98FC737E3B2F657801B6264FCA58C00AF432FE3A5504260E4
com.opera.browser,6557586682CBBCF913FAF88D7591461DE557737D3F9394361D48E6642C8D67A3
com.creativemobile.DragRacing,5A44DB8B2DA0F470EE650B9A91AF2E97FD1FF91D28A333B30E62135AC559118C
com.affinityapps.chispa,32180ADEDF4A6133CDEEF58BA77185FA0398A0A609B4CE54279F907FF93806D2
com.poshmark.app,F4C2B06E54960C60F2B9A6E04CE47457EE7D40E183CD136C4EA1998059BD913C
com.discord,4D07C87052C5F2A55E4101A954EB5BF4BED9781465C30E742DB52988C831C1C9
com.lgeha.nuts,41717EA2EF84EF8DF2EA4BD56EDE4330BC78AC0DB0C711A0F3222D7725801B58
com.alibaba.intl.android.apps.poseidon,74E92B0DF51E5C9D64411F68EB01B129168A64472A081C1E65A21759FA4E324D
com.panoramik.mightyparty,B5E38595B5FE40765AF05098C8267BD1FC722DB37ECECC4DABB65FF7169E8597
com.lenovo.anyshare.gps,37F8A6E03AEF60F7C94AC90AA7A638F9E42AA0A438E91BE26CB0B2DDB4AA8A1F
com.yodo1.crossyroad,1AD8BED1353B36A953C020C1562A519ADCEDA02E4B4E98AFA8EAF0DB87643AFB
com.firsttouchgames.story,B910F151986702CB25A01788894589210C952027716A609569FB7AE485C3AAC4
net.apex_designs.payback2,C6B4327C869AC9ECA46A7D7A5853B31C5C9E18A5C5CEDC16F3C6DBAE2ECA0F44
com.gamestar.perfectpiano,FDA997FF94E9DEFB4526D000903A70A53B9005902412895F95CBF7FBEF913EE5
com.orcacorp.wargame,392D3DF922DB70F4E5694652C09D12FDE2E9CED5AE8E1B88F06268B4900DC59F
com.amazon.mShop.android.shopping,2FFA1D8D3D99603069F7A5803C63EC9591799DE4E08B4D24A06E8438EBC40FFF
com.subway.mobile.subwayapp03,AF1B8AD3229F7B6E2A1002947A09B11AD7A6998FBBB67C4D6C7EE6389043B049
kr.co.smartstudy.bodlebookiapfree_us_android_googlemarket,AF5941229F0BEB43E8E1DA5BCDDB81361D4D365EABB8502DDE4925660EBA5C4C
com.lookout,27F3B4C3E6299BCD6B43757470EFF12199085261EBAAC1B7CCBA363C2C9D225E
com.hp.printercontrol,8C523CCE56DA068FD1E064134B8637FA476F1C71392B6D423D280052786FEFBB
com.campmobile.snow,BABFE6947FC9DE8867A4173DF853FBE0D832960D53B1D07630DCA9D0B08CF172
com.avast.android.mobilesecurity,A5216066099C9987293F282885FE7E8B64CCAA13B73AFD67B50C978A4CB5FB1E
com.hyperbeard.axolochi,A548EC2743B037193B66A7829C71155CEBC4265407D24542FAE1177E09AA8257
com.rubygames.assassin,F6297A9797566A442FFA4651978AC0C01C3B2F0E9BD9494D80E1B98E05BA1A29
com.zeptolab.ctr2.f2p.google,58447F5E5AB1C57A865AF39FDCB23F910DD50B8D18C2C2158C1D5A322FD2A9E7
com.music.sound.speaker.volume.booster.equalizer,2B3E71C1A82103EACE8DECD304DF3F80B2860BFAD54B9C0898DEE74E1A695CB8
com.mobilityware.solitaire,FD4386D089FE64DE1F7B3F5D892AA55D2C2DCC825C7C01926056D42A646A32A3
com.zentertain.photoeditor,8F25CB30EFD0766A98458EB38A278DB00D0F755A509F7CA5B40986586DDCB1C8
com.seatgeek.android,EE0F32C0721E2D4A5588503A7C01CD9432562A53095449FDD5ED93E51DA7B060
com.waze,BF6362F79A9D5D6F1EF015F8E2FA5C44AAE546B80E0CED73C3E95C315B7AA8D0
me.lyft.android,D1202923EBCEBD1C825CBFFDF26FD3989BA612F483263373BC709C72CC902A9A
com.midasplayer.apps.bubblewitchsaga2,A12F197CA6AE6E3C4E8BC1A7A3B1777F20321F911D77A412A23FF148D0CC5D67
air.com.hypah.io.slither,374619C0DDF22EED1F0F525138C8A480AA46042D5E61C56B7AA1317362AC97E5
com.sixflags.android,BA8B2EC4F2680C9BDAAF7CC7FB77375C1DCF547043984F0F110C13928960D780
net.one97.paytm,D8B23B46E0B3B5577C24BB618919CC294880CD71026651CD1018536C23590F58
com.phonevalley.progressive,1C1B6E23371D7690C6D36C778F268BA14AE5240213B9723E2EC9E7BCDACD075D
com.popularapp.periodcalendar,894DEE19642F4FCCEDD768CF4944F85912C0DF9DE3894807CDE687E162D449DE
com.nickonline.android.nickapp,C6F34EA29F234A1F51858C53311D1EC19154CB8C3AA656515C2BD9C989776EEF
com.turner.cnvideoapp,E6DD6FD05200F6F38AE53B4A890BF58AFEF23C5448EF062A4B7F288EE0B99450
com.ea.game.pvzfree_row,46E8F46246AE85A65C24DD7479AE2A241112C90BC678E058204594915A75E423
com.dancing.smash.hop.game.tiles.beat.piano.surfer,5F31FE868292F850ECF3B7A41258CE201302D4D8502A2AFE9DA8B4B2FCDD7638
com.vng.g6.a.zombie,7BE050114BF638C322249D561935FC4B19B33B5292329E154A9A819957001794
com.psafe.msuite,A349E8C0B38931814795CFA06BDBE295EF6D3DDDF3BBCEBCDF4DD946D98C246E
cn.wps.moffice_eng,C8C54554503EFEBD9064AE8D3EF1D4DCF08BEBEAF1115A2E61BFEF0C956E0D72
com.google.samples.apps.cardboarddemo,7AFE72359E95627C3407DC21CF5A46AC838409DDC8EFC8687EFCA271487691D2
com.cam001.selfie,D9CA842E8F60916D30D256721C010DAB5E910E9B83A44F6E18AE500A97592C76
com.google.android.apps.youtube.creator,AEBA35D3B7CB9FCBDE9F57BB7CA622A2E3A98479999D2AE7D256FA7B7D3B2BCB
com.steady.steadyapp.com,310BE4DC350DC8C9BA7FB589D0250E1D0BF7ACB12E3E88405D388DAC93437996
com.supercell.hayday,8629CA03CD5AA54203E19763BB3A4E2C0E058F757C4965829DCA250BF846C84D
com.doordash.driverapp,613AE074F9F9232A39F2EF828BEEACAA8A4DE23329817B70A1639D542E8EF106
com.gokids.bphone1,69F6ADE5BDC18EC236BBC518B5B290719EB416DA8AF55D2135644AC58F645999
com.imangi.templerun2,15F729AF7184C2B981F9C23CB0EDBE85A57CBBDB0BF500B64F0C8AB145AA2920
com.netmarble.mherosgb,9F3E84CE0F820896A60AA71CBED4B9A5EA3546104FF8717F4A7C9B62C7CA6D2C
losebellyfat.flatstomach.absworkout.fatburning,F3A6A800A4A65999645F3C78FB85E4BE83B9666DDF97284FE1F42150DB296CE0
com.gau.go.launcherex,DD1A96E7D65D2E3766524720A2CA34634534C443E5428455814D49A85E134053
trivia.quiz.trivia.star.millionaire.word.question.offine.game.free,FCB22542FC8AB012D9FFBF0CF7C708EE2568A0A71B1A6949F77BB4C451A94C30
com.solutran.otc,6F5705C934D5952F4BE4B452371CAAB42CC025D1FC2E35FF72929BBED1083B03
online.cashemall.app,FBD500675895178FCE5DB537863267527E43BA1DFC46F9BE21DE31B8825384E3
com.forthblue.pool,87DE0711DD935F919549033C2B63CF8CAAD5215DF955DFE0459A31A18114A617
paint.by.number.pixel.art.coloring.drawing.puzzle,67700A9A27AB7D7557108EB315E38EA7C349D26D0A85CCAF84DF49D3B336DAAA
com.innersloth.spacemafia,9F8CC45F0D2A1ACB2ADE147DE9139112060F619B609D483FA0CE0FDDDEBAE2BA
com.turborocketgames.wildcraft,D5AF80443C128AB3A6DE3B2F9BCABA34C6D1CEA9AC101D109CF9A5C114552A02
com.tocaboca.tocakitchen2,9992741FDA0AD69E0CF8C19E04AF2FF180642819A2583210A9D4C3D29B5F793D
screenrecorder.recorder.editor,640A838FEB847C22BFE14DCCA04836F16F6B8D40B5775DE618DDA3FF9E00301A
com.venticake.retrica,A7CC4CD0E2DC6D41A4CA65D36D6D2816CADDC4295FCD8872CBE426BF8EAB89ED
com.rovio.angrybirdsfriends,DD9B5B7A2BCC5EA3E980314A47341187535C8EEDC93A85D4143BCF0E195581CA
com.ducktrine.plughead,23192AB477B9CFFA46421A23D21527EA496C5D2E70FAA53BE504512C55F24F1F
com.macrovideo.v380pro,4B138FFCC1F653298582B415261560A3789A1139ACBF64FABB154311A89F90EE
com.tmobile.tuesdays,401AB13A7F7FDC4C79A38A6E5288A767FCB3DFDD31F86C33FF1218575CB7DAB4
com.teladoc.members,5E7F7B083AD5BA6220B56A0FB0CFD48254ABCB3ABC9DBEC732B47077C05464A7
com.universal.tv.remote.control.all.tv.controller,B7F44827DDB5D5F4A00B0EB3DC0763F86A20F2835C2EFA185E26293552DEEDB9
com.bamnetworks.mobile.android.ballpark,88E71BC2069A53A2B3AB63E7F8F99473FEA1B4BC3801FCE6BA4E90C56079EF93
com.king.candycrushjellysaga,D6DE1A5F16470F56A2AF97008A99CE04D28126373F12AC7CE183252F51C52ED2
com.game.crazy.pusher.android,2D61F2188232365ED6B82C73022818573E85D289DC230C2791019443CBB6DDD1
com.netflix.mediaclient,215D3926C5688CE3C2973803EAC790D6C2E144B71398A966FFCE712561C754D0
tunein.player,842F6B4025F80AAA857AF8C39F7EE4C0D3AD0C05C1E45AA9ADB24186746F54CB
org.findmykids.app,87D05714E7D95B950AFC6AAB52DB63F76674B3D22909DB78C88F2D6207379478
com.babycenter.pregnancytracker,52304E793AFDC395413EE87E783FE91C081376A6ABC1E86092A4D86F295B96AA
com.myntra.android,0454E392CC3B0F1C5E5AFD98CEA8DA60285263E4E3CDDA307B5CF054989063DB
com.differencetenderwhite.skirt,5714E96D737F1E3F733B4CA306B5516A668185C5D826FA74693DF4A9AA446312
com.adobe.spark.post,F96CDD9DE76F6CF7189549BAE4A6481FAA3BC2FEDE59D3D2DC657B98FDCFDB47
com.gamestart.hypergasstation3d,C77DB7497DE6B58AC9361EBCE29A41E7AAD6E74B673661DD316CBA1927731E08
com.axlebolt.standoff2,5C31444D4E5B09A5641E21C01F7E49A19812A70D0EAFBD830F0BFBED95B2F514
com.specimen.zero.horror.survival,8995FFDE078D241C0C08B36B80290D995249C57E429A50609643FA14E4D3D554
com.aa.android,435B37165477423561C553CC9C115F89A4C581B91A121FC16036C8CA6ED50218
com.UnlitGames.BridalRush,262D13D106803D035D38B29077DC779580CED004562F301E8AF3BD8BB0FD0A87
com.affirm.central,CA3EB0548A1C6B043F815C235550F1578356E9CE590AC406D0F418319A46D90E
com.pandora.android,65457DE95887EB2E36AD7EDC05D002A0110E22721E91AA85451004687F25D7C3
com.miniclip.agar.io,0F864B36CFFB51886CE60C772443E467B6B470AE0BD5DF0F5313CD361FAFF6CA
com.nekki.vector,E53033AF19D3DA926953368AE3F6A1B18F1C81B498777032CF3F65A41297BD15
com.eterno,6D13B0FDE9297A9D6083A156575D99A72B9B1FCEBCB291B6CF5F569289270419
com.goodrx,2E468330BBFA0C7C51A67A447BA1251D6AF6BC36EEA5D328A2C24C2442C27AFC
solitaire.collection.win.real,BC1953A803AD92D20C1CDA005A3AB039709A799D7AD59A4F9525BBFE6ABB6ED5
com.picsart.studio,5D7B7E84C6BCCE6F9796F27D1FEDCF51CEE629F542A41972D9F59D782D059704
com.dvloper.granny,F9DCA89E323E1427D523312F1168661005F2283C41BDAC152CE62798BF2ED588
loseweightapp.loseweightappforwomen.womenworkoutathome,48F81FC6D5B7FD83B5C378DECB5915C0DB02BF6649215512323C3D0E894D40B6
jp.co.shueisha.mangaplus,0170DA7A86467972A086FC5815C48E0A7039FCC2271487D1770873BB4E542B25
com.budgestudios.googleplay.HotWheelsUnlimited,8A8B84087D2B78335E7A22808D759C248CBF578FFF57DBF19CC432BDB9BBB16B
com.manateeworks.barcodescanners,36697B29A7FF213B7DF149A9935D95467B5A1AC0F8366A00C0572A0E0DBAACF6
coloring.color.number.happy.paint.art.drawing.puzzle,C09A80B6B81814B1952FD233EEACFBCC9F536B1132DCA78F285E2B6A3207CE41
com.fingersoft.hillclimb,BD6B7451DBD350B75B5C3BEF937C8A75E575F2CC16462B1D533DEB8079189FEE
jp.pokemon.pokemonquest,17CAC6D68DE78106A17A63D89E137541977955CED8AC727F58E266BFF40EAEA6
com.telkomsel.telkomselcm,CBFD40B25A0DD9EE8C12368631850F006901B9715E45C0109AD06F989CB8AF6C
com.jardogs.fmhmobile,91F98AF4D7F3098CC05572D2A39F570C91C54E8D7876E07744525EB4BE65C340
com.immediasemi.android.blink,D03704BCAD52EBD0CDFFDD9A317E3B201EC03D2E74B245C6539BE91B61823297
com.disney.wheresmywater2_goo,B312CCDE217A94B33AA595E7EF1886D854ED9ED7B13856CB996496752118E7E5
com.ubercab.eats,2BE9B9D19B73EE76C6650F224287D00ECB318DE14E575ADE2B6E22C3742CD451
com.glu.deerhunt2,B359ACBA4E6B4122BEBBFC4ECA645AA156C53071C58B57D1747D1B1F6808632C
com.sec.android.app.shealth,0A81243F9FAB4484D731961ED020399652EF659ED9E62DB49E1BC735B0CEB861
com.google.android.apps.maps,7CF073CF18EB5BE3AC4B443F0AE3FCF577764B588D5D15C7625948BA7B5431B9
com.dreame.reader,3EE3E88CF154253B20001FB8D15AA7C5948ADD9FC5EEF2A6B1BBB4B12AB11C77
cab.snapp.passenger.play,233F2F9DD79DC2D408DBA5815B2235A4745470FD39BA69B2FA94069195B87B84
com.ecw.healow,542DC825A56C9ECBE5E462B63BF918B1805426F0B908AE4EBAC55D36384042BD
com.mcdonalds.app,2AFED49881FCD7680874667ACF9CBE4AA57D83646135F02246521009D97296FC
com.booking,A58FCED5D63B6C24C8A5AB3D77DA5837819645AF10D0BEBDF2B9766499861640
com.sec.pcw,C60AEB9BE2009953BB69D478A9ACA1D6BC8D7F420BA1395759D942DDAE00E2CD
com.getsomeheadspace.android,5CB60E7F559B8811D6FC1ECFE69E6D7193FC9A009C8C869BBC56993064BCDC38
com.affinityapps.blk,BB5DDDBF5D8C45BD7B557FB5F913F7CE6481F0E3478F1B72DAAA588F3FB0FAC3
org.craigslist.CraigslistMobile,25DBF65FB204C371C105A8014C9D9BD9A9A0F66A74EB29CD3EDF27F6E835C991
com.bible.trivia.biblequiz,744214CED68E79AF162C4A46BA7D9F3FB99D7A945364755C1D34976618A6C72D
com.explorationbase.ExplorationLite,9D0BD6A542B3C64F28A0C4B0CEA451CA34884E8DCE32F100D61649EF23AA0264
com.google.android.apps.tachyon,1719A80E51E03F70135EF12F65702C7DEE9E7CA9AD45F8476446B115421B26E3
com.pinger.textfree,EF6FC2B8B7C502964F44A07F156B9785E1AE21A2271ABBDA7FE3E4970DF66520
com.filter.camera.stickers.tiktokfilter.snapchat,86B549E285C72A8D2B3A1B256CA2B92AE8F43BA114DD2B57C5514EAE82979B7C
com.hyperbeard.bunny,5A9601842D500157202AC60E6FB78ED156DFD24B623B8100DC3A1A640C7C4D5D
com.mattel163.phase10,DE65965A961F32F4287295BF2CB3245E74FC4266AF709E6AABCEFB950BF6E461
com.budgestudios.googleplay.BarbieDreamhouse,FA622182D5E3C6D22E9EAA49CA8623B498F6F6CD792A4431E8F42AF791449A19
com.duolingo,84CF04A754213461EA1C85E75B72EEC153D2670B19BAE16E04A856A7F0F57DCB
com.ubercab,2DB59869D9948186036052251E0ACBE0D57F4A689457E876087C404A51BBA94D
com.hasbro.beybladesenterprise,CE031C8F4C6A0CD644BA6015A3657378A190CB649C56DB8ED3DE4D8C7DCD30B8
com.audible.application,DDBB098AC1352D5E0C35FC2093E2219A34667EB34DFD70A9D6625A8FD6FF24B5
com.nekki.shadowfight3,ABEA9B316D214666D7311068DC28E8A71CB15468198CE7A5AA8959F8A254B501
io.voodoo.crowdcity,5FD41835592704918F3376BF4F10CECD66B9754DE0413AF99C4EFD5F653E7D0F
com.halo.wifikey.wifilocating,C977AF5938F39808B89D2433C0BF7C009E5D2CA94F035F76F465AB2B420A3751
io.comico,300B48E15BD79A60C1ED1326D396B4F6E2DBA7964EC3D4487C1E506F4C9A179E
com.yum.pizzahut,CF1A5AD75BDC5C090BBE02A3245E86D71004CAA3C12FD7DE4088851BF6C455D9
com.ea.game.pvz2_row,B482AECBC1377D26E07B960BF112FEC398DBC15BE35B75931C661EAB27812746
com.local.news.plus,684F149F937895638D9D6B3267D0EF69D18BBE0A3BCE3167EA902B44D7D8C15D
com.samsung.android.oneconnect,7812841509B5434ED1B8922186523B33B578CF1F50787EC0ED30859908943AA3
com.zhiliaoapp.musically,229DA8E3859DDCA9F932228023CBDA44944B758535F40AC37FF15EAF57E03B23
com.commsource.beautyplus,6FE5DE02D55BBB448E77C0D3FE50029E6C6EACD8D1C7749216A2D89DC6BBFDBB
com.advanceauto.mobile.commerce.dist,39684296DD03F4C33B3A05BC54BB7C518158F24DF6F9EFBA8D30B4E73F23EE93
com.sec.android.app.sbrowser,1CFADCA9DCE7648EFB6278E542F32A5B93A4032FC4889F42BBE26298E8684FB5
com.lbe.parallel.intl,7A70C724B3F063A1D9716FEC85E38086B567ACD94831DA2757594045D4C139C5
flipboard.boxer.app,8F5CE94D59E4760A3EA5A90E7E548820ADB8A1502216B1D465F183CCE586ECD4
com.quora.android,3D79EB860952CBFB81E308488D0E822072E06A49373042281D9AB481405225C6
com.bestcoolfungames.antsmasher,1B1B41E49B5EAAED7BC58AF21601A5C51F603E805B352AC4285BD1A2E5DEA165
br.com.bb.android,F027B53B7B51F5267FE81F1B76E95ADB6A7F7029DC01B49367C3EEDD78181704
com.gameloft.android.ANMP.GloftGGHM,5A36F9E23C7D00E2AB58A912071A61D49EF1BAA0C4E1FF557B5F255246EB7912
com.nest.android,A23E3DC182B504EC22F2017A8E8ED09CC3C9EF505E72C2B3E2B9F9E0B7721B11
jp.co.toho.godzillabattleline,BF747CE79503DBDFB1DBDFF9B0F4672002E6002A9312944A9953FBDBAB7A0DCC
com.fungames.flightpilot,B14D102CACA9D0F5D10120DDA01D0C8B45FEB66DA5187807BE24EE3B1ACB8FBA
com.hulahoop.android,BE1D0120922A553E66999C90C6F1AD74074C86D893FBAB0FA407864F6773E7EE
com.gta.real.gangster.crime,3DF48B4BA426653EF018BC51B3583CB6835B3BFF080360F21E2FB5A0B01D54F7
com.google.android.street,ADF91CB577CD465903B14AB20C816A52FDF3D86B026425A8E0F84166CDCCB974
cn.xender,C7141310EB08A15803253834B45683804DB9D9293862207A34819279D77D8187
com.joyreading.wehear,57574438818D36C75A7A9EA7E2EEEFC819DE06691D9B7FFA67DF12D1E9BEFD41
com.fetchrewards.fetchrewards.hop,E7CB503810586AFDA891EA23A0F3A7FD8DE3DA0F608AEADA760C9F4BBA410D5F
com.flipkart.android,71CBE33D79F31E074D04C126255DA0DFAA35ECF738D5BE8BD2B90EC229C0871E
in.startv.hotstar,D0E2704E03128E8F0F6305DBB806FBFDF7B63DFA665FD6F551E93B275A1C9C3D
com.jrzheng.supervpnfree,561D963292C78877E1563EECC5E1D7CE29A5D9617999C396AB7B5AD38BBF7253
com.camerasideas.instashot,EEAF9E3E6615DA2B4993C75B96AC36F4257E30FD103257AC5894545BD6846B29
com.crayolallc.crayola_scribble_scrubbie_pets,17DC510D7AEEDEBE499F4E2E2F1E09D68CF869FFDA5C8C040AA1CCB2673D4E7A
com.webcomics.manga,3A7C59251BC3991FFCDBFCF08649404DC74B9A296D9DFC00017F986F090522C5
com.clearchannel.iheartradio.controller,EAE72AB1C103FEB4E5D5831892F98F27F7E211D76CF3B8908F72E853C0AE16AC
com.home.emoticon.emoji,B8E9D801B9218044028EA93991FD68BDE6435818B693537467CFB9B2D0EE0088
com.jb.zcamera,5588A89EBA88B035608E8A62C44647A98E5561EACB66A54ABFF7D90A905185E9
com.photontadpole.lilasworld,25F955B11B6DB4E71EA465A2E2D9CBB36893B54953DC5B673AA5ED4ACE0F4011
com.tencent.ig,15010EF970967B75A3DA3835F16724E8EB7CE3AA1897E85EC5FBD906473787B3
com.huawei.hwid,6C8031020B03925BB58B4C69DD907A50C95687F12DF94B04BFC45BF578579475
com.tacobell.ordering,84DB956F0AE853C7F3774A9DF1BB93C8F7A8584E5968E89824FF21162E528F23
com.passportparking.mobile,D56AC953B57FE699A2749D8B37D5F8F69D697389B6018EE832F124805B6CB38A
com.roposo.android,E4C5CAB5EC15252F71FB6B184A706EE4FE09E812809FE867E860889B4476F1A4
com.wordsmobile.RealBikeRacing,C9CD4045D1D0FFE560293FCCB4D6E1635B6206ABB34FDACFB5CC5AC7AEBA1FEF
com.yahoo.mobile.client.android.yahoo,6C92371A547BCAD7652E9FB1FDE015609B7C4EA9E77A7CB5D87FE853A1EBF5BC
com.cocoplay.fashion.style,3E7FB84C41005B2B0771809A3BFA577A207E1167DAB55A96AD9B22623C1C736F
com.playgendary.tanks,42E6EB4CE48344DC77011ACA968381EE16698D7ABDFE3697E0D4C1E2A335CC53
com.wsl.noom,BCA5D697CA29983F276BAAB8EA4B248C16EECB65B87F1B54B724AAD11960D009
com.sonic.sonicdrivein,A6A314E29244100F4B6B014DB4C55D98D01BCA491DA54D4F527C7F6F127BF890
com.maxgames.stickwarlegacy,517C8E23A39BF68F0506A86BD2CAA4622D9E6B40C3AB41DCB7A05FF1F4872247
com.Funimation.FunimationNow,CB2D89DEF4FF63BB06112D281969579BE743689A1C06672314BCE158F3181089
com.huion.inkpaint,2FD3966BC9FADAB793C874495CD9B99992FA3DAF4F0467273A05E36F836C36CB
com.nbaimd.gametime.nba2011,BA421D7DE2106374F3E4482B13FEDC7CD6279A313D9F8325B858E62B6CB7EE93
com.shell.sitibv.motorist.america,FDE7DEBC9AA2244B8C5628AC4D0A4C470FE0A0A7D3704EDEF3A21A5684B1274D
com.super_toki.giraffe,74ACAD6F3A8FB7DD80FE00A93847D9574C7B7AAFC55D20AA988177DF31BBF4B6
com.miniclip.bowmasters,6F3A4BF3C683C9E6DF2600492129FD176FB7E90159BD3E7A896F2F596B4E8460
com.miniclip.plagueinc,63CDB980839045D50103BF68E0D810C1B47A1669A0473C391E8C784A1DC2E3A2
slots.pcg.casino.games.free.android,BEE91FD28C33DC5BCE5948FAD5528656D44A144073992A53D037B453A233267E
com.adsk.sketchbook,D637701B27965E8A41513B6B136B068C8A7BB5C8641887F50D94F8079D40C502
steptracker.healthandfitness.walkingtracker.pedometer,4DC36F6850CF372821736A898092DA817389D581CAC2A50237BA03EAA8F5C558
com.combineinc.streetracing.driftthreeD,49D5361AB7C6BF1D911A47823BD3A6ED158332766C99D61651304ADDF19DFAE8
com.rolling.lucky.slots.coin,88B5C68342268722685706724747060340619A4D37AB48A62CBA0F1728C9F0F5
smellymoo.sand,6DAD9F72DC1110123041EC3639DD4FCB6748D3803FF6DC2DF5DBC620D69CE7B6
com.rsupport.mvagent,2ED048B28798D00862D4D8B99C4F3ED048F4CA3D4930C89444B33501BA3552FF
com.zzkko,B7D5B6CB1B331A247B9948E0516EB4DBB15C764DC96B4D6F25D8A8B0CBDAF3A3
com.google.android.gms,96D0D67063ED151CE2D3E6C77BF1D2B5DCA6F00679399ABBC821CF784CBEC6DC
com.evermatch,9EB9974C0548D608E8A58C8ED0B8722564A200790BAA6DA882E164C09AFBC7C5
com.skgames.trafficracer,3914D35D5277BE8B1EA96B5B637F09BF408929047597C397A0C0F247B8E4DCBB
com.google.android.apps.authenticator2,204B9E22B26A047405A7C0B62AE582EB3455A4C34D52CEF9D1DF40FFBFCDEB46
com.southwestairlines.mobile,D7AE2C2E73F4EA828CAAB2D0FCCB83ABEDC4DA84DB47DE9F8BEF2C7831E35E1C
com.xiaomi.midrop,28A1F212CB6BF9C9D812671CCD3A592291A8A12C8D543E0B9C6C0A115D47231B
jp.naver.linecamera.android,D276D89648F30376B326C2BA9CD4F52CE7A0CDB15EA4574EB470BCC65C1720C2
com.excentus.frn.android,E36C92FDF4ACC085C64EE867A75F12A19E7F8FA5805C28CF6D7A8EFAD4FA47CE
com.ancestry.android.apps.ancestry,C791B3B49582898581F7F2D271988A835587B579F3A1A1DDA28AA5DFF4546682
com.discovery.discoveryplus.mobile,E17809D8A31ABA805CE72669598E34E933DBA338B572C18C097E086A0EF78790
air.com.nbcuni.com.nbcsports.liveextra,272A1DF3A03C137349A8183F5376B28C53F98C93CF12B6ECD7A2893F0FC382E0
com.gismart.realpianofree,EE52D781807DA01307F09DEAAB88D5E47FACE728CE84688F9CFF7963CF637D66
com.ketchapp.crowddefense,734F4DC656E32A8671C422FC01E6A18EBD9DFC9507408C6F11BCD4D24099CC7B
com.fungames.blockcraft,32046344B1A229A3BBD9644DB6C0D1A740FC60753E60C56C507BA6443A9602E7
com.goodreads,C9DE9D76C82CA565494447498AA905004324828BF4FF99E91D77478490E4EA56
freeplay.crowdrun.com,2285481C0A1D9CD9AA5879F5108E0E3DEC92A83ECC7BD2290F7AA443B03BBB95
com.jb.gokeyboard,0B4F205A9EE02AB849472E05D7F76B0F1789D20E1507D2270EFC0AE1D95E573A
com.tripadvisor.tripadvisor,F0B61C5BA52FEC1EFC059C331E4B4067769B76DFEB377C715374656B931599AF
com.studiosol.palcomp3,0ECC1FC05C1011E1702927A9BAB6352B682ABB97EFE2CD00539732083B5F9DC1
com.auxbrain.egginc,0A02FE403845A1CEE21DFAD87EDDDA1635B2433B7DDCF5E7BBB82B5201B39818
com.dash.rhythm.dancing.smash.hop.game.tiles.circles.beat.paino,87EB6DDE04B0B557060483634C08629656239E05A86BC986B69E2998FFF57D17
com.littlecaesars,10EDF57536475557FCC13E3E2F174742410B9548F2BA5DFA6A03900230FC3678
com.bitstrips.imoji,21064F053453AFED8C809FA264907C187C6BDBB1EE369BD92765C5F32272D92E
com.doodle.master.draw.glow.art,805A5B2C1235C1C0ADB881DCC5621413877D4C77F95B4A49EE92E75307E5795C
com.nightowlvpn.free,8B27FFB09B134BA3D94FA5E80A593EF05E15811EDB852D9BA1A612CF10063515
com.hilton.android.hhonors,2648333931E551B228E5D05E788A0FDFDD08D358E3D75C9DE8582026BB4E172C
com.synthesia.synthesia,895460BBDD13116BB5F8F94AAAF6BA152DE9CD5707B9393E5ED50AAF3E1DEFE2
com.qihoo.security,D66F056AE99AB1440F5A5789DD68B1C38FE85A50667B58A596252B3C5C7DE7BF
com.chickfila.cfaflagship,523D6E35A888BD55E367D668DCAE0A42F72A3FDA71316337D373E9CCB55B89B5
com.tumblr,0B8C67B1255B7C62CD30991C0BAC40E5675E304370A21A21E0A94563D0EF728B
com.intsig.camscanner,3F8C8E6DD8B709B09C6CD3366BFFC07752FBDF5BFF5D467758037DE0AA3BA323
com.acmeaom.android.myradar,DDFB25107D6B8B00DF401697F89DBCF34AF92628F1A814061CCA8613058C7636
com.dash.dancing.smash.game.tiles.circles.beat.piano.rhythm.hop,B8665BAECAAE19DDFA335EE2420181E888D4CD76E256CB72B316CEB1A22DCB4B
com.eyewind.paperone,521E14E173584F3C4FCBBC3E687F71A877F64595B2681590E3CF65E5C208B2E8
com.symantec.securewifi,F1CAA27D5157422C45D70FA0743AF2F02FEB2F3C74D4C11601C3D467E7F76A1A
com.bach.cleandecormansion,D43368C4B92A6239E6E3A0BC461D6D79AA131B909D7F848006BADED3A6DEA44B
com.zellepay.zelle,A92FD4D57B9ECF9A2E8E202B8ED7A8839AC2B83AEA9DF920C08E7B44477657EF
com.weathergroup.localnow,F7EB932B0ED9F0DAFB8EE981D2D948BB717377D227A23E4DC85A86748C2D7E49
com.gameloft.android.ANMP.GloftM5HM,CE887ED54DD07430B9E7B1C7B74C9A5F35B6863141226E500AC92425F1B86AC6
bubbleshooter.orig,E0A4D7F3D8E378995F27AA47100341040844005F108D8DDF2612F5F8012DA65B
com.fli.android.newsmaxapp,25853C9490505E5722E76F9C563D1203750D483F0351BB0DB73A6DD41F3B9369
com.fng.foxnation,68F8FBB89D39D5A17366C32B3174A80AE6AFEC7E56188FFB08F983C272B4F99E
com.hirogames.dressuprun,68D63CDA41CB3734C42162387546D00FE6DE7A1EA578FADF1837461FF4F6DC0A
com.rovio.angrybirdsgo,0966FC219BE808E65ED273C6C0D349981619AF06174E8564670BD194D6535CFE
com.nick.android.nickjr,B99CFD8B364A38E282AB6C0340ADEE5BC87E24C63F6268EAB9831F89BB458C02
com.google.android.googlequicksearchbox,3081D7433E0D8A8BDF8843BA473E6CA1AC77B39BA79887C5203F820475647DF8
hotspotshield.android.vpn,9C7CAA5545F730B873FB1DAE889DED240D8B428CE43BB6582A76FC8B331C5D67
com.truecaller,EBE3A2276750EFDC3B2C7FF3E5543895EAAC7F1740E7C31141637612C7BBA6A7
com.grubhub.android,FEE9BFE65A1DCE30B3F7065596A0396574341F88ED187B00F4EAA7C65F93D4D9
video.like,46ACF4B3C819C975A5880373955F604D42FB3B5E6C32E81B5EE5E0B6AE538744
com.outfit7.mytalkingangelafree,A8AF0DB0EF6D13F118F128BA23405675BC0F9FC7AC708AD6631C52E6060086E2
com.lyrebirdstudio.collage,8022EF5B1569DDA44F4E01B86772DA2F4299EFEA99B19561FAF69597F326D51E
com.firsttouchgames.dls3,A5DDD341C2DD9989920DFEAC89FA8231DAD94CF0E425DDAEC20B0AD19264A9E2
com.riseup.game,51985D6210C6AD069DC5AD4014F3B303B7B61B95596A23E347145A059B2A5A3C
com.wordgame.newcross.android.en,AA8DEC4AC22F606959C4F0807E83D898AB51C80916F22431ADCE87CC501FA8F1
com.foxnews.android,196334EEE51437C315598FDE45A50442F5C8A36C9CF53ACCF8DFC9167B9AB700
com.appstar.callrecorder,247FAE206BDBE85CA94E122F40E74AE8BF4BE5CB42A3C7AF1DFDFEE9964A1CCE
com.wte.view,BADD8AEC1EDAF9C9B3537EB2C091D93D70A6F1F013C17BB5D683ACAA971776C7
com.servicemagic.consumer,8C75AD4CF55CBE5EED6F2D1FD6A39D22B872528E4F1C75B59BE4A8038FDF4180
com.mind.quiz.brain.out,437940F2C7A7076B4F62359BEEF71D6D55D4E19EB9A3AEE1E97F5E79C2A37336
com.zeptolab.ctr.ads,9F1E2C7B39E8F22FDE5D5646CC9075D1CC541DF4DCF1DFAFB4CF7ABD04CCF24B
com.weedmaps.app.android,6F257ED9902CADF3F876B895EEB6F30B18E35B29D106B63883FD5887F4DEA178
com.specialyg.ippro,8AE99F276274F4B244FD6CC5FDE3CC337A855BDE55EB947828D901BDDC249474
com.junerking.archery,06468E69673AD22D39F1C1B0E60647E89BBE94DCCA7119F6C6E59CFBA734E169
com.mobilemotion.dubsmash,E51332C3D26B6461C09B0170B55E73C7362395DB5270F03AF866A72643CE8127
com.sega.sprint,3649FB5347265A636602C4733969BBF598B820CD0893560DC7BD203FD9F9A69E
com.liveplaymobile,0273181A8ADFFE8E9B6F4C28AF8524682A374B9E7E0371B0E0C9E48313EFEB61
com.nightowlvpnpro.free,60A4B23088CFC21879149CA6AEEBE110BCED9252516FC4E706197399268F0BC1
com.cyberlink.youperfect,56BAB262861BBFC33F1010B56733B1FEA4485A056A58FBFAD6F3DCD4E3C20C1A
com.vid.vidman,62A518A287FE0D166C2CBFBBD2EC05AB74179FEDACA03742D1E3DAE25A13ADC5
net.mobigame.zombietsunami,C1C6226652F01B08FC04B1AD1E574A32C74456F7C3758441AAD1C4A11AB01FB3
com.grabtaxi.passenger,19E93FE584B89ADE4F749123A87FC174C821EA19F1A7B22B0CE3C076ACB72E81
com.ea.game.easportsufc_row,CB3D3A1E0549184F8C22EDE5F19CC17C9A5FB25EAA14CA724082130F0FC6D042
com.cslplasma.cslplasmadonorapplication,193CA5DEF69D0AC84F20F80F20DDF5D5A070C81057BFBEE530ECF275BE7240CA
com.stupeflix.replay,DB8F9B5C67388DC6BDAF9A5AD9CB4825C4E36CFC7551D70D4CAB0DEBD6841BFA
com.mojang.minecrafttrialpe,F1D5FCBE98B8136A825057AC66333447351A6443F513CE9C680A205C867DC574
com.iceors.colorbook.release,194589C77955A8CD581291DB9E83FED22FE9484FBEF0535BA8336F29EB7337DA
com.infonow.bofa,F01B215C7AB135402E21ABAD43CDCD34A8D4D1950BEB71C7EF54C3737FCA5922
com.elex.twdsaw.gp,A54975C1451A1959F8F924148CBCC862F1BFFA027CCF948E6FF841A1533E8578
com.hp.pregnancy.lite,5B8C6BF4806C6ECFDBCF888ABEBCF416A9B14FA13B1027DCE11C520CAFD7E5F0
com.touchtao.soccerkinggoogle,7904EE08E086A5F335417154E9852629B016683006FA2BEC7BA80ED6CE5116CA
com.igg.android.lordsmobile,5AB2E3B4B4D18BE5E0C8947D9E729101AC6E37CF1FB1EC849DB8B2445E77CDE1
com.kiloo.subwaysurf,D864E865860C6A806E144CBBB954A9AD338BDE6435BD7931548A58E1A871BA1D
com.budgestudios.googleplay.MyLittlePonyRainbowRunners,8659A42D586D221E15052BCEF44FD129B598BEBA9452AD50941794D0E4352481
com.lyrebirdstudio.montagenscolagem,49D4E02356A653C132DC03786179CB4F719767DFDD2B1792E97722331B8F8E40
com.ringapp,3B2D53297B39CC19BDC76248E66754357DDD20FFDA3E76D5FEAE1B06BDA504C1
com.carvana.carvana,8F1C1EA3DD2F51E126530B3E1DAB4A9AFFA717F0DB4644AFF85F33B0DDB26C28
com.graymatrix.did,181B7A3F62226F779B92B81A76658753F2E73C6005616F224AD705CAB3CCCC6B
com.alltrails.alltrails,9921014B5301BFB26FEAED0C908C9C468F72CE07424045F960AF5B59F7CEBE54
com.episodeinteractive.android.catalog,BA43115B0646327E55870A4F576BE3FE8465DF91D1CED7D96F687562FFED827F
com.seenax.HideAndSeek,3E49E98359345E7B9F4A741ACBE01D0070BC4CC7DD3F9A2B9AB1869329D6E269
com.emoji.coolkeyboard,A9E25D0EAB56B9B85DE4F1289647FC8C7AB460DA49C3B0AD26DD7BBB29CFD377
com.jakob.pushdice,83FC5221162986BFEBDB1DE76D5A8ADEE75F58237CE9F195D67D9684924164E6
com.ea.games.r3_row,F7ED8FD4862E6CB8B5801829536A629C32D87685B9F80FA18CEB2AC5F61E2EAA
com.medibang.android.paint.tablet,BF6F38BFC0486202E937CF56E5313086008926FF6170476E1131C1F753225C5A
com.dotnbeat.dancing.music.rhythm.handspeed,93969CADA5A4E7AE8019404EDE7040488EC16E10E20E3DF4592D03940CD588E4
com.apusapps.launcher,B77AE9ADD51A0D673B7B4E7BBBF3F56684E24996125493A925BB9D908F05801D
vsin.t16_funny_photo,C59F6C09BB2A5930575CB7B31F1C04D67DB9EAA71B488AB5693886FD52F6B3F2
com.lazada.android,52BD665BF5B678BFF48FA7CF45D597FC1CD50FD1CC8D926E860BF9BA13621576
com.weather.Weather,5218DB926998A03B6BE7D3677BEAF8263D8934260211D602D1A78A2961EB8697
com.google.ar.core,62D047ACC18AF8A43832DDEC426E97D65CAAC61F4E55FEE565A9C033740BEA7B
com.activision.callofduty.shooter,E9853D72A83EB5D4025D7897F1B9327B7C61EC30B35C820147404FCFC63B0432
com.rovio.angrybirds,0D533148BDE4E2067F9138736DDE22E49DCC6D7191D20D5061E2AFB7DD35B75D
jp.naver.line.android,C22D44E21E12A17BD100214E4F96516701A3682D5B79D083750EC14C1FC39FAE
com.dc.hwsj,8935EF3EFD4F4224CCA85D8783537B3213329DB011009A0510DFCCBE7E68F7AA
com.gokids.transportbuilding,57F9A2F33F05279CB9ED1F6B8F587C7AE9E90057F687FB239E4D444CF3888586
com.ea.games.simsfreeplay_row,5F50B62A4D1F3D58427F79878E43CC4DD681F0AD3BD90A63EA76390036E888D7
com.kakao.talk,24DBB45110762EABBCC50D04ABF3EDD307C0B4C7A61F4A8887D0195FCC428E1E
com.springwalk.mediaconverter,BEEAEC912904AF99BAF13BE0FFEB519DB6E1BD4C59B4C10E221EC38A63BFF407
com.bagatrix.mathway.android,72B85374070B457E20A07C335A796A6423917CBD913E3A8092ACC7B52309C90C
com.spinmaster.gabbysdollhouse,6E250C6650F7E9CE687691DDB5A8B3C9C1E79D90E49E90E899E1F2B301AD616A
com.outfit7.mytalkingtom2,676B89305A086F24601FC49982FF5AF1603E70E87D254B1237D169DD783B031F
com.vkontakte.android,FF692CC6EB3A0EE1342F6B09A92BFD35A6EAE9C722BA711618130A51FBE6E735
com.namcobandaigames.pacmantournaments,85BAD51F18AED0B080756276F310B06DD53FDE68BD879D889AEA08F5654FC103
com.imo.android.imoim,80084FD4BE9324104F971A3E4E9FB6BBC23D5FE6BD12D8812B0A3B3C297D8DB3
collage.photocollage.collagemaker.photoeditor.photogrid,8013AAD57F9EE07383B277EE76756AC37C1699756DA4E8070D7553F3BA384FBF
com.google.android.webview,14A670DA7E5B0E2B65073021EA095C81AD4A8CA7F436F5602B7389A187FA8CB1
jpark.AOS5,ECC00B134F6ECFB465BBC07553303589A7F1F04280008D39BCDCD29F24A18F2A
com.ninjakiwi.btdadventuretime,126660440F88FC2B9808C728A90F99B3C6197CEE981ED2A5E33008B55A215774
musicplayer.musicapps.music.mp3player,C8C873DC7BE03CDCFA78B9A49213360990976D694A1FEF0950348D5E06C7C450
com.barsstudios.swordplay,1482C03989734A25C8E3DCE17127481DB9C55E0FBED0A7C95F20D54F0E966FAB
com.zjcgame.icingonthedress,7B696FFBDBB627ABC2E1F68757A8CA78EAC9226D288DC1082BC23F8A6D91ACFF
ru.fotostrana.sweetmeet,5DAE6E215E7FE10BED07D3E781157A256BE75F939DB4C2BEE8392E7EB6BC9ACF
com.funny.technology.dimensional,7B76944D3D358D338FE5F5E4D0A52F1C07A1E2C096FC92732008A1A71B367AAA
com.huawei.hwdetectrepair,D18494C0988ACA09DBCD3474989382713AF87381460219E9F24E00C9BAC8EB3C
com.gameloft.android.ANMP.GloftA8HM,4069B97384F93FDA135141F578CA3BFE35F150943C1B93C0D7CE7EAE81CCEE39
com.hp.android.printservice,C5778173B7C3C4350BB937E2DF192B9759322D8AFAA135B3F4DAE95044A8243F
com.catwalk.fashion.star,FEDDD9C97DD33D9FA0B783178D9622F1C6FD6D14500A7866A57D2576E3C72ABD
com.bitmango.rolltheballunrollme,6171BE760FAC70FDDDBBD82FF22EA832CEF228BAAB81D1470B43ECF4E56E5CD8
com.contextlogic.wish,58348312006723A9D5A6A4034A79A745FBE09EAE0D8A7A515BE4B56E9296EC96
com.miui.calculator,B54E3E2E6F3648468A2002A2FA9E45B55929F87816635074DD7FEBC23B65BEFA
com.rovio.baba,AFAE91C04930A63639E382C2FE65D16DD685A75C3E938FE845BFE41E618C723C
com.kabam.marvelbattle,FE4CCC3227C9DEF39CCB44890C99AF2F33DBE32BC2A0AF35843B02BE58FEB433
com.autozone.mobile,9E694E6999B57E86FC769D2932352D1A3F6B2C7489526CE5997389408D2F1DB1
com.fgol.HungrySharkEvolution,DE0D0DE79724ECDFA48F25A87EE553853644C9A429B2F7CD60B200854363287E
com.pixonic.wwr,73E46AA3F0ABE04A1E89D2D362B1A9C627A3047C3E5978D507A7433876F934B0
word.riddles.guess.brain.test.tricky.puzzle.quiz.game.free,37E53899E4417C9FCD05246500B316A793AECE9AE1DD24EB8AC0034420073EDF
com.julian.fastracing,478602C41268F58004F8F2938EFB453208188AD939C36DD9DCF8394509492820
com.freeplay.runandfight,10A446C1AB4AA9BF196CFD61A673C3F1FBA9E22456FE7F4C281C5800F05FEE22
com.jb.emoji.gokeyboard,5FA0C9DA92DBB1D514AB32433EE6D25A91BBB92D58A7DC0808120F616BA10569
com.uncosoft.highheels,813A9BC2B7BD9F57788CD89D3330FF80B59B27D2BC59F34D275DFC808129638F
jackpotboom.slots.casino.vegas.free.android,30A54F39793DD9C230F898707C79422E25478A6D285B6B7B7EFB3E82D50EF289
com.gaana,7FC573E641B0628A40C926D303541ACDFA147AFD407E6DC83BDF61314EE44535
com.libertymutual.uscm.righttrack,D6AB2C1F91BB13B16608CBF213D56979CB374F22DBFA066A4FEFF58C57ADF5D5
com.tocaboca.tocakitchen,1D17F47A7F0374661D036F97E856145F795E739037204FDF0018E57BC7A2A4C1
com.mercadolibre,CE53DD1B9F0DE72BDFF7E2E3957BC30F74BFE3A32146F5A1C429A175DB87EAF2
com.huawei.android.thememanager,CB0EA631529FA5C714CC9A31C1C73BF75A48D46547C44844E101136EC3A424FC
com.root.clean.boost.explorer.filemanager,AB398CB48F4BDF9529E4407330FA6E436C13F378F0BD1B0421364FF43DCA0F80
photo.editor.photoeditor.photoeditorpro,F39403EF8B6CAB9B1B9DBC36F218C8F92CA67440500CBA748CD594128CC68937
com.slots.jackpot.win.cash,948FDD75164AE749FCC10925775F1D3159944FD06C2A3D95E8ECA1BF606FE2FF
com.ludo.king,A3866D2E4E894D8192C60F3308993BB8D118EC89B418E2AEA5DBDE92DC1206C3
com.treemolabs.apps.cbsnews,28CFA33623FF250B8696A76594E7D25B0F1094233CD6775BB73C46B19756473B
com.adobe.reader,42798DC6AE4031F74999ACFB9752B0C75EF4D9E7F784EE6E1DA67618F4623BBD
com.sec.app.samsungprintservice,76794EA712E44120300F493E971C0AFB39DD5E017F804534DAD41C9098458B0A
com.outfit7.talkingben,240081424DD4650EAEF926401874D485F23410A97828934E35C70CB02ED4064D
com.space.cleaner.smart.tool,F6966B79BF3492088E5D6536D0C06ED99435D0F066EE14CE59D567C320A066B4
com.bestringtonesapps.freeringtonesforandroid,188CB0FD78EF173F0EDF2CC13C8CEB108D72ADE26810A18AB1C834A52994F2BF
com.quvideo.xiaoying,CDECBAB94198DCD61C2BF9B91A66467DEF5BD2E5750CB1E4031AD27E24710D18
com.miga.world,FFED1E793CD929B9450C15060D0BE843DB622D42144DECFBA923BA70463F93E8
com.ketchapp.knifehit,600B8E3726C600675567F3A60312B830A425455C129EF0878CD2DD9C2885795D
jp.konami.pesam,23EE8620C0D2804BE0831B2B174FA53E18F72AD4E74335B20C6A24FCC9CD0DBD
homeworkout.homeworkouts.noequipment,7ED56BF09C1566F5303EBE2D47AB6CC796699A3A8EBED18E441981F7F71AD396
com.tocaboca.tocalifeworld,925A3AD1AEF2B234D79406F1F8E940C5281477BDB6706D7F47D24017E5278D27
com.kwai.bulldog,8BED0432AE9B67B7672B296A29D527D63A4B958E836FCF2B02D79E5C1CC6F1AB
com.mgc.RopeHero.ViceTown,E4DF6FB64CD0FB5F4636AA599AE218DC6F0DCE7C201F0693A2CF7E3223E58922
sg.bigo.live,676B560A1E8A207D9FD149A96ACCDDD4369F2D841A3F8DC62C9A9C028FCFC21A
com.pjmasks.moonlightheroes,F8BC48DA46B44B007CDA0171C1CF017B944683144DE737D7AFEA755EDE649766
com.delta.mobile.android,6B57DA0E1B1CB23737551CB5BB965C8C06D03BCC670823A22497FA12E572B997
com.handycloset.android.eraser,7B17176EE601E4752D08A667F190773AB45693E03B5CEFB4BE5507030332A355
com.roku.remote,4E0B12C9269254A7150900970EF731E9DA8A073E17936783372B1E0C98CB523B
com.android.chrome,6C483E08E8B996922E42B9E57CEF7C3E2E1DAB6E41372CCDEBC273F74FE034FD
com.kgs.housedesigner,D623F14005E0A9DEC90C63B776F0EE98E17FE07076E65BEC78B7E1A72B4255FA
com.ea.game.nfs14_row,29932F669C6BDFC8A6ED3C75704EBDC7E9B6223E901429896BA198B2ADBBFF4C
com.jb.gosms,9FC3EC5060E81D74A24EEBAFE4FAAAFC8D735267D394290C88200E5BC88A432E
io.voodoo.paper2,2791DB6DD7AD2135913B695763CFC3634324016FA39C488743CCCE54F9069B11
com.educational.baby.games,CD3BBA62D1235F5297484452ED937CB80ADDDD5082F9F2318D3444A6BED4C9D4
com.imo.android.imoimbeta,0E59ABB7A260FA5693BF63B3E54826283289A12D255EA283B176A2C34821E835
com.nekki.shadowfight,90DA8386CD5494EF42878F0F80494AAD39EB8BF8B0AE94F042213274D0CF365E
com.ogqcorp.bgh,69DE0D8A372BC78009D5473F266FB94531511FECD5274C8213D20030DF49F761
com.tfgco.apps.coloring.free.color.by.number,042511CAC39E479484B914206BF4E06F12B411B3B080220463ED7A81E673FD36
com.rfi.sams.android,A8740CF14DE838C0995117ADBBCB9CA85FF59308A6C12F885DABD0EE1FBF0CB9
com.mint,54F004097828C8F3C49BA4D431389011A705487A2F891DAACE7C6A74BC9EA319
com.qustodio.family.parental.control.app.screentime,F59187485D76A6BD530054DDD6D0B3706BD07481882B6054D02AC24FD425A3C6
com.mi.android.globalFileexplorer,F64F9711387525167433D9583F88B17B2C706208ED56A6FB1675D6757E2BB5C2
com.game.SkaterBoy,01EADE9636487D4CFFF743FFCF63F737EC043CBC1EB4D526F2E75375B28EF0D5
com.appfolio.resident_portal,3D7145C14AAEEAFEA7A441C296FDC31FEB6B16E0EF030ABD8B1B64D68749AA22
com.solitaire.fun.free.klondike.cardgames.farm.friends,11BE91816D59AF1FFF56499FA0D454384190E63A26E8268EED010A1917880CD6
com.univision.prendetv,D809329F6EC91F62353E269F79C540B4FF70C165267334735438ECA6A9672BC4
com.playgendary.kickthebuddy,B12D5BBF85FDBC4A9C61460A9CD8F1D11FC7127C020701B8FA09FA9987C09365
com.king.farmheroessaga,A4207226C39C9EF42072A93B79EF17738B625D6445C04C623C99119B9CDCB685
com.fanduel.sportsbook,0906AC516A42A9090CC746D57C3EABB11C8900782EC32DF7A7029753B3D2C764
com.espn.score_center,EBA29679D96A8479CA731BA6D97500664EAD713DC420749EF509D4FF2F4D9A46
com.dancing.smash.hop.game.tiles.circles.beat.piano.beatracing,3DF81FC7FF9BE3911F39FBE8F96F7242D62DF3F2E902FA7E926EAA48D6929903
com.adpmobile.android,38F18238B6396B895501009E4EB77444D31F118C17B8722EF3255BE2EA811FA6
com.xmgame.savethegirl,6FDF4EBF239BB6A146A1D69B922EC1CF124DEFDA7F22EF76B652D59AF52D0943
at.nerbrothers.SuperJump,8973249E198426E5DB22EF0FCACF7FFC7AFB03B5F871180FC8C8B57167DEC29D
com.dts.freefireth,723537D95D54BF6FF8AF131243165E1364AE6456382DEDF86E908DF2D095F5E0
com.igg.castleclash,5859F3F7F3657FEE43DB414440C138012CF76E045ED10B23BA4DB3F60DA9A49C
com.pixel.gun3d,F4D77E83B74DC8ABF09867AA800D53D7638E928137B62E9B9F3C5CD1471FE991
com.notdoppler.earntodie2,26599B938AB1B89464E5694EEEEBC0125D9E1C3EFCC70F92D7C62AAA3B2E708B
com.resmed.myair,F2F53743534E0115CBC0F6C555CCAF87CFDFCB8357A8480A73FCBCD9E168A5E8
com.leftover.CoinDozer,30B225866007CD31E0FC0F3F1D8AF7BFE714ABCC461D95AB2748976CBFD19F36
me.pou.app,978E9269974E7A06824AC0A8C2745F4FFDD6791E4C540F582C91156267F419B5
com.sec.android.easyMover,030ACAAD1A0A91FB2F86974B86F3DD795D4DD68F74F7E9204FD8587B1531E26D
com.dancing.smash.hop.game.tiles.circles.beat.paino,ED73CD9A6FA3E358E20321A43E2783B641E746F8D4A2110C2382A0EF4C414EBD
com.draftkings.sportsbook,9DBBE06BD0EC5E2F311F03CABAC92F5F6FB8C683D3BAD5CDAB954758588A6075
es.socialpoint.DragonCity,604261DBEB657EC9E26940BBFD797C597FFCE523142886757CCC31A6E3315E35
smk.manga.reader,71256DCE8632BE3C69974113F0A520B2972BD64D8F008A510026224F84B1E8D1
deezer.android.app,A011592BB98E9B08B805A3450BDF29A3F18B44286146902F4C3114511FD0C9AE
com.cyberlink.youcammakeup,61F9B1FAC6F455D15FB0358CAF619B65824519049934444D0B25ED9C9085AC86
com.tangramgames.gourddoll.wordcrush,E6AEE5825D646BAA0ACCF5157DF41DEC085D50A9DBC0E6160CC5C7ADF67731F5
com.fungames.sniper3d,342F689DF24D91CE5A6BC87C51A4A77E1A9D29451DA48A28D126526CACC8E94C
com.spirit.customerapp,E77DE82054FB949AAE7AA926E95A15AEFFCAF9210308ACF17F0E8C117B20C375
com.oneway.Deathcoming,42C4DD870B358740B5DAA884EACB9F05D26FAF1BF20F09F7C5084CC52AD7FC2D
com.wordmobiles.bikeRacing,244F7D5DBC2F59C1007C980FD123F6B68EA8CFF8F1527387834800993E893AA9
com.autolist.autolist,DBE469FA7CB59233CED49955D6DE11918271FF995326ABE36E9DB8BA553E69BC
com.hypgames.ultimategolf,5C50AA4BF8F0944101D94BF6F66233F35F8307A256839D8586140FA506A101C6
com.baviux.voicechanger,F7D31B22358FBAD9F5A8B8FB58FDC4CEF32A54130014D19821FEB0845FAADA3A
com.halfbrick.jetpackjoyride,156FABABEA7BCE755BD98E4C9CBF9A96C86204B9957F8A2D1BF352F50BC35640